SKIP TO MAIN CONTENT
Schedule
Tickets
News
Video
Roster
Technical Staff
Sporting KC
Shop
MLSNEXTPro.com
Weekly Schedule
Sporting KC Weekly Schedule: Oct. 15-20, 2024
Kurt Austin

Monday, Oct 14, 2024, 07:00 PM

Sporting Kansas City will travel to Texas this weekend to play FC Dallas on Saturday night at Toyota Stadium in the club's season finale.

A match-up of MLS charter clubs, Sporting Kansas City has a chance to sweep FC Dallas in a season series for the first time after earning a 3-2 win on July 7 in MLS play and a 2-1 victory three days later in the U.S. Open Cup quarterfinals.

All seven Western Conference matches will kick off at 8:15 p.m. CT on Decision Day and fans can watch all the action on Apple TV with an MLS Season Pass subscription. Pub partners in the Sporting Pub Network will also show DALvSKC, including a watch party at No Other Pub in the KC Power & Light District. In addition, radio coverage will air locally on Sports Radio 810 WHB as well as La Grande 1340 AM with live audio streams in the Sporting KC App.

ZORHAN BASSONG AND CANADA PLAY PANAMA ON TUESDAY

Sporting Kansas City midfielder Zorhan Bassong has joined the Canada Men's National Team for a match against Panama at 6:30 p.m. CT on Tuesday at BMO Field in his hometown of Toronto with live coverage available on FS1. The 25-year-old Bassong has previously earned two caps for Canada in January 2020 and was named Sporting's Newcomer of the Year this season with 24 appearances in all competitions.

BETO AVILA TO APPEAR AT LOCAL LIBRARY ON THURSDAY

Sporting KC II forward Beto Avila and Sporting Kansas City's mascot Blue will make a special appearance at Mid-Continent Public Library (317 West 24 Highway) in Independence, Missouri for the branch's storytime at 10 a.m. on Thursday. The event takes place during National Bullying Prevention Month and is part of the Red Card KC anti-bullying campaign established by Sporting KC and Children's Mercy Kansas City to create positive change in the well-being of the local community.

FREE SHIPPING OFFER ENDS THURSDAY ON MLSSTORE.COM

Fans can take advantage of free shipping on orders over $24 at MLSstore.com until 10:59 p.m. CT on Thursday with the code MLS24 (exclusions apply), including Sporting Kansas City's 2024 Kick Childhood Cancer and Hispanic Heritage pre-match tops.

SKC YOUTH SOCCER CAMP ON FRIDAY IN SHAWNEE

Sporting KC Youth Soccer will host a one-day camp from 9 a.m. to noon on Friday at Maranatha Christian Academy (7055 Silverheel St.) in Shawnee, Kansas for boys and girls between the ages of 5-14. Registration is available online at SportingKCYouth.comand includes an official Sporting KC camp t-shirt.

ACADEMY IN ACTION THIS WEEKEND AT SWOPE SOCCER VILLAGE

The Sporting KC Academy will continue the 2024-25 MLS NEXT campaign against Austin FC on Saturday at Swope Soccer Village (6310 Lewis Rd.) in Kansas City, Missouri. The U-15s will kick off the doubleheader at 10 a.m. CT followed by the U-14s at noon CT. On Sunday, the U-14s will be back in action against Real Colorado at noon CT at Swope Soccer Village. Fans can follow @SKCAcademy on X for updates.

Kurt Austin -
@kaustin01
WEEKLY SCHEDULE
TEAM
CLUB
SUPPORTERS
FANS
YOUTH
SPORTING KANSAS CITY II
MLS NEXT PRO
MLS REGULAR SEASON
ACADEMY
LEAGUE
COMMUNITY
COMMUNITY APPEARANCES
ZORHAN BASSONG
INTERNATIONAL
INTERNATIONAL
Related Stories
Sporting KC Weekly Schedule: Oct. 7-13, 2024
Sporting KC Weekly Schedule: Sept. 30-Oct. 6, 2024
Sporting KC Weekly Schedule: Sept. 24-29, 2024
Club
Social
About
Tickets
Shop
MLS NEXT Pro
Club Sites
Terms of Service Privacy Policy Do Not Sell or Share My Personal Information Cookies Settings
©2024 NEXT Pro, L.L.C.. The Major League Soccer and MLS name and shield are registered trademarks of Major League Soccer, L.L.C. (“MLS”). The MLS NEXT Pro name and logo are registered trademarks of NEXT Pro, L.L.C. (“MNP”). The names and logos of MLS teams and MNP teams are registered and/or common law trademarks of MLS or MNP or are used with the permission of their owners. Any unauthorized use is forbidden.
We and our third party partners use cookies, pixels, web beacons, and other tracking technologies for various purposes, such as to make the website work as intended, enhance site navigation, understand how you engage with the site, and assist in marketing efforts. We offer you the ability to opt out of certain non-essential tracking technologies in our "Privacy Preference Center". By continuing to browse the site, you also agree that MLS can share your video viewing activity with third parties as set out in our Privacy Policy. Your consent to such sharing is valid for two years unless you earlier withdraw your consent. To learn more about how we use cookies and other technologies on our site and how to opt-out of certain non-essential cookies, please visit the “Cookies and Web Beacons” section of ourPrivacy Policy.

We’ve also made updates to our Terms of Service, which include an arbitration agreement and a dispute resolution procedure. By clicking “Accept & Continue” or continuing to browse the site, you agree to both the storing and use of the referenced technologies and our Terms of Service.

Do Not Sell My Personal Information.
Cookies Settings
Reject Non-Essential Cookies
Accept & Continue
   
 
 
 ----- 
 Source link : https://www.sportingkc.com/skcii/news/sporting-kc-weekly-schedule-oct-15-20-2024 
 ----- 
